Name;Label
Customer;Customer
Order;Order
Product;Product
Payment;Payment
Shipment;Shipment
places;places
contains;contains
hasPayment;hasPayment
fulfilledBy;fulfilledBy
originatesFrom;originatesFrom
customerID;Customer ID
customerName;Customer Name
email;Email
productID;Product ID
productName;Product Name
unitPrice;Unit Price
orderID;Order ID
orderDate;Order Date
totalAmount;Total Amount
orderStatus;Order Status
paymentID;Payment ID
paymentType;Payment Type
paymentDate;Payment Date
paymentAmount;Payment Amount
shipmentID;Shipment ID
shipDate;Ship Date
trackingNumber;Tracking Number
shipmentStatus;Shipment Status