{
  "$schema": "https://json-schema.org/draft/2020-12/schema",
  "title": "Retail Operational Data Store (retail_ods)",
  "type": "object",
  "properties": {
    "customer": {
      "type": "array",
      "items": { "$ref": "#/definitions/customer" }
    },
    "product": {
      "type": "array",
      "items": { "$ref": "#/definitions/product" }
    },
    "store": {
      "type": "array",
      "items": { "$ref": "#/definitions/store" }
    },
    "order_header": {
      "type": "array",
      "items": { "$ref": "#/definitions/order_header" }
    },
    "order_line": {
      "type": "array",
      "items": { "$ref": "#/definitions/order_line" }
    },
    "payment": {
      "type": "array",
      "items": { "$ref": "#/definitions/payment" }
    },
    "shipment": {
      "type": "array",
      "items": { "$ref": "#/definitions/shipment" }
    }
  },
  "required": ["customer", "product", "store", "order_header", "order_line", "payment", "shipment"],
  "definitions": {
    "customer": {
      "type": "object",
      "properties": {
        "customer_id": { "type": "integer" },
        "name": { "type": "string" },
        "email": { "type": "string", "format": "email" },
        "phone_number": { "type": "string" },
        "loyalty_tier": { "type": "string" },
        "date_joined": { "type": "string", "format": "date" },
        "created_ts": { "type": "string", "format": "date-time" }
      },
      "required": ["customer_id", "name", "date_joined"]
    },
    "product": {
      "type": "object",
      "properties": {
        "product_id": { "type": "integer" },
        "name": { "type": "string" },
        "description": { "type": "string" },
        "category": { "type": "string" },
        "unit_price": { "type": "number" },
        "active_flag": { "type": "boolean" },
        "created_ts": { "type": "string", "format": "date-time" }
      },
      "required": ["product_id", "name", "category", "unit_price", "active_flag"]
    },
    "store": {
      "type": "object",
      "properties": {
        "store_id": { "type": "integer" },
        "store_name": { "type": "string" },
        "location": { "type": "string" },
        "store_type": { "type": "string" },
        "manager_name": { "type": "string" },
        "created_ts": { "type": "string", "format": "date-time" }
      },
      "required": ["store_id", "store_name", "location", "store_type"]
    },
    "order_header": {
      "type": "object",
      "properties": {
        "order_id": { "type": "integer" },
        "customer_id": { "type": "integer" },
        "order_date": { "type": "string", "format": "date-time" },
        "total_amount": { "type": "number" },
        "currency_code": { "type": "string", "pattern": "^[A-Z]{3}$" },
        "order_status": { "type": "string" },
        "discount_amount": { "type": "number" },
        "created_ts": { "type": "string", "format": "date-time" }
      },
      "required": ["order_id", "customer_id", "order_date", "total_amount", "currency_code", "order_status"]
    },
    "order_line": {
      "type": "object",
      "properties": {
        "order_line_id": { "type": "integer" },
        "order_id": { "type": "integer" },
        "product_id": { "type": "integer" },
        "quantity": { "type": "integer", "minimum": 1 },
        "unit_price": { "type": "number" },
        "created_ts": { "type": "string", "format": "date-time" }
      },
      "required": ["order_line_id", "order_id", "product_id", "quantity", "unit_price"]
    },
    "payment": {
      "type": "object",
      "properties": {
        "payment_id": { "type": "integer" },
        "order_id": { "type": "integer" },
        "payment_type": { "type": "string" },
        "payment_date": { "type": "string", "format": "date" },
        "payment_amount": { "type": "number" },
        "authorization_code": { "type": "string" },
        "payment_status": { "type": "string" },
        "created_ts": { "type": "string", "format": "date-time" }
      },
      "required": ["payment_id", "order_id", "payment_type", "payment_date", "payment_amount", "payment_status"]
    },
    "shipment": {
      "type": "object",
      "properties": {
        "shipment_id": { "type": "integer" },
        "order_id": { "type": "integer" },
        "store_id": { "type": "integer" },
        "ship_date": { "type": "string", "format": "date" },
        "delivery_date": { "type": "string", "format": "date" },
        "carrier_name": { "type": "string" },
        "tracking_number": { "type": "string" },
        "shipment_status": { "type": "string" },
        "created_ts": { "type": "string", "format": "date-time" }
      },
      "required": ["shipment_id", "order_id", "store_id", "ship_date", "shipment_status"]
    }
  }
}
